/* ADDRESS */
INSERT INTO PUBLIC.ADDRESS (CITY, STREET, NUMBER) VALUES('Lodz', 'Piotrkowska', '15');
INSERT INTO PUBLIC.ADDRESS (CITY, STREET, NUMBER) VALUES('Warszawa', 'Wiejska', '66');
INSERT INTO PUBLIC.ADDRESS (CITY, STREET, NUMBER) VALUES('Krakow', 'Podzamcze', '43');

/* EMPLOEYY */
INSERT INTO PUBLIC.EMPLOYEE (NAME, SURNAME, PASSWORD, EMAIL, CREATION_DATE, ACTIVE, ADDRESS_ID) VALUES ('Marek', 'Administrator', 'password', 'admin@o2.admin', '2017-09-14', '1', '1');
INSERT INTO PUBLIC.EMPLOYEE (NAME, SURNAME, PASSWORD, EMAIL, CREATION_DATE, ACTIVE, ADDRESS_ID) VALUES ('Adam', 'Developer', 'password', 'developer1@o2.developer', '2017-2-12', '1', '2');
INSERT INTO PUBLIC.EMPLOYEE (NAME, SURNAME, PASSWORD, EMAIL, CREATION_DATE, ACTIVE, ADDRESS_ID) VALUES ('Andrzej', 'Developer', 'password', 'developer2@o2.developer', '2017-03-12', '1', '2');
INSERT INTO PUBLIC.EMPLOYEE (NAME, SURNAME, PASSWORD, EMAIL, CREATION_DATE, ACTIVE, ADDRESS_ID) VALUES ('Jan', 'Developer', 'password', 'developer3@o2.developer', '2017-05-12', '1', '2');
INSERT INTO PUBLIC.EMPLOYEE (NAME, SURNAME, PASSWORD, EMAIL, CREATION_DATE, ACTIVE, ADDRESS_ID) VALUES ('Jarek', 'HumanResources', 'password', 'hr@o2.hr', '2017-09-11', '1', '3');

/* ADMIN */
INSERT INTO PUBLIC.ADMINISTRATOR (ADMINISTRATOR_ID) VALUES('1');

/* DEVELOPER */
INSERT INTO PUBLIC.DEVELOPER (DEVELOPER_ID) VALUES('2');
INSERT INTO PUBLIC.DEVELOPER (DEVELOPER_ID) VALUES('3');
INSERT INTO PUBLIC.DEVELOPER (DEVELOPER_ID) VALUES('4');

/* HR */
INSERT INTO PUBLIC.HUMAN_RESOURCE (HUMAN_RESOURCE_ID) VALUES('5');

/* Roles */
INSERT INTO PUBLIC.ROLE (NAME) VALUES ('ADMIN');
INSERT INTO PUBLIC.ROLE (NAME) VALUES ('DEV');
INSERT INTO PUBLIC.ROLE (NAME) VALUES ('HR');

/* Employees to Roles */
INSERT INTO PUBLIC.EMPLOYEES_ROLES (EMPLOYEE_ID, ROLE_NAME) VALUES (1, 'ADMIN');
INSERT INTO PUBLIC.EMPLOYEES_ROLES (EMPLOYEE_ID, ROLE_NAME) VALUES (2, 'DEV');
INSERT INTO PUBLIC.EMPLOYEES_ROLES (EMPLOYEE_ID, ROLE_NAME) VALUES (3, 'DEV');
INSERT INTO PUBLIC.EMPLOYEES_ROLES (EMPLOYEE_ID, ROLE_NAME) VALUES (4, 'DEV');
INSERT INTO PUBLIC.EMPLOYEES_ROLES (EMPLOYEE_ID, ROLE_NAME) VALUES (5, 'HR');

/* Education */
INSERT INTO PUBLIC.EDUCATION (FACULTY, SPECIALIZATION, START_DATE, END_DATE, DEVELOPER_ID) VALUES('WEEIA', 'Information Technology', '2010-09-01', '2012-02-20', '2');
INSERT INTO PUBLIC.EDUCATION (FACULTY, SPECIALIZATION, START_DATE, END_DATE, DEVELOPER_ID) VALUES('FTIMS', 'Information Technology', '2010-09-01', '2014-02-25', '3');
INSERT INTO PUBLIC.EDUCATION (FACULTY, SPECIALIZATION, START_DATE, END_DATE, DEVELOPER_ID) VALUES('FTIMS', 'Information Technology', '2010-09-01', '2010-02-24', '4');

/* Skill */
INSERT INTO PUBLIC.SKILL (LEVEL, NAME, DEVELOPER_ID) VALUES ('Good', 'Java', '2');
INSERT INTO PUBLIC.SKILL (LEVEL, NAME, DEVELOPER_ID) VALUES ('Good', 'Java', '3');
INSERT INTO PUBLIC.SKILL (LEVEL, NAME, DEVELOPER_ID) VALUES ('Advanced', 'Java', '4');
INSERT INTO PUBLIC.SKILL (LEVEL, NAME, DEVELOPER_ID) VALUES ('Advanced', 'SQL', '2');
INSERT INTO PUBLIC.SKILL (LEVEL, NAME, DEVELOPER_ID) VALUES ('Advanced', 'SQL', '3');
INSERT INTO PUBLIC.SKILL (LEVEL, NAME, DEVELOPER_ID) VALUES ('Advanced', 'SQL', '4');
INSERT INTO PUBLIC.SKILL (LEVEL, NAME, DEVELOPER_ID) VALUES ('Good', 'Hibernate', '2');
INSERT INTO PUBLIC.SKILL (LEVEL, NAME, DEVELOPER_ID) VALUES ('Good', 'Hibernate', '3');
INSERT INTO PUBLIC.SKILL (LEVEL, NAME, DEVELOPER_ID) VALUES ('Expert', 'Hibernate', '4');

/* Notification */
INSERT INTO PUBLIC.NOTIFICATION (CREATION_DATE, DESCRIPTION, DEVELOPER_ID) VALUES('2017-09-09', 'Update your cv!', '2');
INSERT INTO PUBLIC.NOTIFICATION (CREATION_DATE, DESCRIPTION, DEVELOPER_ID) VALUES('2017-01-07', 'Update your skills!', '3');
INSERT INTO PUBLIC.NOTIFICATION (CREATION_DATE, DESCRIPTION, DEVELOPER_ID) VALUES('2017-04-15', 'Update your projects!', '4');

/* Project */
INSERT INTO PUBLIC.PROJECT (DESCRIPTION, START_DATE, END_DATE) VALUES('Mobile application for big company', '2016-01-01', '2017-03-15');

/* Employees to Project */
INSERT INTO PUBLIC.DEVELOPERS_PROJECTS(DEVELOPER_ID, PROJECT_ID) VALUES(2, 1);
INSERT INTO PUBLIC.DEVELOPERS_PROJECTS(DEVELOPER_ID, PROJECT_ID) VALUES(3, 1);
INSERT INTO PUBLIC.DEVELOPERS_PROJECTS(DEVELOPER_ID, PROJECT_ID) VALUES(4, 1);