/* EMPLOYEE */
INSERT INTO PUBLIC.EMPLOYEE (NAME, SURNAME, USERNAME, PASSWORD, EMAIL, PHONE, CREATION_DATE, ACTIVE, CITY, STREET, NUMBER, LOCKED) VALUES ('Marek', 'Administrator', 'admin','$2a$11$zUa5sKXvh.Uvxgl7wT7swuDFtknvrLVPxs1NEjJFo98AB8EK/Go2G', 'admin@o2.admin', '123141414', '2017-09-14', '1', 'Lodz', 'Piotrkowska', '15', '1');
INSERT INTO PUBLIC.EMPLOYEE (NAME, SURNAME, USERNAME, PASSWORD, EMAIL, PHONE, CREATION_DATE, ACTIVE, CITY, STREET, NUMBER, LOCKED) VALUES ('Adam', 'Developer', 'dev1', '$2a$10$r9BBwZvqPQNQBueJy2AyH.fSPf10kaI58b4lDzRInMA0EnilM2pGi', 'developer1@o2.developer', '322154756', '2017-2-12', '1', 'Katowice', 'Wesola', '55', '1');
INSERT INTO PUBLIC.EMPLOYEE (NAME, SURNAME, USERNAME, PASSWORD, EMAIL, PHONE, CREATION_DATE, ACTIVE, CITY, STREET, NUMBER, LOCKED) VALUES ('Andrzej', 'Developer', 'dev2', '$2a$10$r9BBwZvqPQNQBueJy2AyH.fSPf10kaI58b4lDzRInMA0EnilM2pGi', 'developer2@o2.developer', '654653876', '2017-03-12', '1', 'Szczecin', 'Gajowa', '32', '1');
INSERT INTO PUBLIC.EMPLOYEE (NAME, SURNAME, USERNAME, PASSWORD, EMAIL, PHONE, CREATION_DATE, ACTIVE, CITY, STREET, NUMBER, LOCKED) VALUES ('Jan', 'Developer', 'dev3', '$2a$10$r9BBwZvqPQNQBueJy2AyH.fSPf10kaI58b4lDzRInMA0EnilM2pGi', 'developer3@o2.developer', '135578965', '2017-05-12', '1', 'Warszawa', 'Wiejska', '66', '1');
INSERT INTO PUBLIC.EMPLOYEE (NAME, SURNAME, USERNAME, PASSWORD, EMAIL, PHONE, CREATION_DATE, ACTIVE, CITY, STREET, NUMBER, LOCKED) VALUES ('Jarek', 'HumanResources', 'hr', '$2a$10$r9BBwZvqPQNQBueJy2AyH.fSPf10kaI58b4lDzRInMA0EnilM2pGi', 'hr@o2.hr', '254678912', '2017-09-11', '1', 'Krakow', 'Podzamcze', '43', '1');

/* ADMIN */
INSERT INTO PUBLIC.ADMINISTRATOR (ADMINISTRATOR_ID) VALUES('1');

/* DEVELOPER */
INSERT INTO PUBLIC.DEVELOPER (DEVELOPER_ID, LAST_MODIFICATION_DATE) VALUES('2', '2017-11-15');
INSERT INTO PUBLIC.DEVELOPER (DEVELOPER_ID, LAST_MODIFICATION_DATE) VALUES('3', '2017-07-21');
INSERT INTO PUBLIC.DEVELOPER (DEVELOPER_ID, LAST_MODIFICATION_DATE) VALUES('4', '2016-05-11');

/* HR */
INSERT INTO PUBLIC.HUMAN_RESOURCE (HUMAN_RESOURCE_ID) VALUES('5');

/* Roles */
INSERT INTO PUBLIC.ROLE (NAME) VALUES ('ADMIN');
INSERT INTO PUBLIC.ROLE (NAME) VALUES ('DEV');
INSERT INTO PUBLIC.ROLE (NAME) VALUES ('HR');

/* Employees to Roles */
INSERT INTO PUBLIC.EMPLOYEES_ROLES (EMPLOYEE_ID, ROLE_NAME) VALUES (1, 'ADMIN');
INSERT INTO PUBLIC.EMPLOYEES_ROLES (EMPLOYEE_ID, ROLE_NAME) VALUES (2, 'DEV');
INSERT INTO PUBLIC.EMPLOYEES_ROLES (EMPLOYEE_ID, ROLE_NAME) VALUES (3, 'DEV');
INSERT INTO PUBLIC.EMPLOYEES_ROLES (EMPLOYEE_ID, ROLE_NAME) VALUES (4, 'DEV');
INSERT INTO PUBLIC.EMPLOYEES_ROLES (EMPLOYEE_ID, ROLE_NAME) VALUES (5, 'HR');

/* Education */
INSERT INTO PUBLIC.EDUCATION (UNIVERSITY, FACULTY, SPECIALIZATION, START_DATE, END_DATE, DEVELOPER_ID) VALUES('Lodz University of Technology', 'Technical Physics, Information Technology and Applied Mathematics', 'Software Engineering and Data Analysis', '2010-09-01', '2012-02-20', '2');
INSERT INTO PUBLIC.EDUCATION (UNIVERSITY, FACULTY, SPECIALIZATION, START_DATE, END_DATE, DEVELOPER_ID) VALUES('Lodz University of Technology', 'Technical Physics, Information Technology and Applied Mathematics', 'Software Engineering and Data Analysis', '2010-09-01', '2014-02-25', '3');
INSERT INTO PUBLIC.EDUCATION (UNIVERSITY, FACULTY, SPECIALIZATION, START_DATE, END_DATE, DEVELOPER_ID) VALUES('Lodz University of Technology', 'Technical Physics, Information Technology and Applied Mathematics', 'Software Engineering and Data Analysis', '2010-09-01', '2010-02-24', '4');

/* Skill */
INSERT INTO PUBLIC.SKILL (LEVEL, NAME, DEVELOPER_ID) VALUES ('Good', 'Java', '2');
INSERT INTO PUBLIC.SKILL (LEVEL, NAME, DEVELOPER_ID) VALUES ('Good', 'Java', '3');
INSERT INTO PUBLIC.SKILL (LEVEL, NAME, DEVELOPER_ID) VALUES ('Advanced', 'Java', '4');
INSERT INTO PUBLIC.SKILL (LEVEL, NAME, DEVELOPER_ID) VALUES ('Advanced', 'SQL', '2');
INSERT INTO PUBLIC.SKILL (LEVEL, NAME, DEVELOPER_ID) VALUES ('Advanced', 'SQL', '3');
INSERT INTO PUBLIC.SKILL (LEVEL, NAME, DEVELOPER_ID) VALUES ('Advanced', 'SQL', '4');
INSERT INTO PUBLIC.SKILL (LEVEL, NAME, DEVELOPER_ID) VALUES ('Good', 'Hibernate', '2');
INSERT INTO PUBLIC.SKILL (LEVEL, NAME, DEVELOPER_ID) VALUES ('Good', 'Hibernate', '3');
INSERT INTO PUBLIC.SKILL (LEVEL, NAME, DEVELOPER_ID) VALUES ('Expert', 'Hibernate', '4');

/* Notification */
INSERT INTO PUBLIC.NOTIFICATION (CREATION_DATE, DESCRIPTION, DEVELOPER_ID) VALUES('2017-09-09', 'Update your cv!', '2');
INSERT INTO PUBLIC.NOTIFICATION (CREATION_DATE, DESCRIPTION, DEVELOPER_ID) VALUES('2017-01-07', 'Update your skills!', '3');
INSERT INTO PUBLIC.NOTIFICATION (CREATION_DATE, DESCRIPTION, DEVELOPER_ID) VALUES('2017-04-15', 'Update your projects!', '4');

/* Project */
INSERT INTO PUBLIC.PROJECT (DESCRIPTION, POSITION, COMPANY, CITY, START_DATE, END_DATE, DEVELOPER_ID) VALUES('Mobile application for big company', 'Java junior developer', 'Bing yellow company','Lodz', '2016-01-01', '2017-03-15', 2);
INSERT INTO PUBLIC.PROJECT (DESCRIPTION, POSITION, COMPANY, CITY, START_DATE, END_DATE, DEVELOPER_ID) VALUES('Mobile application for big company', 'Java junior developer', 'Small company in city','Lodz', '2016-01-01', '2017-03-15', 3);
INSERT INTO PUBLIC.PROJECT (DESCRIPTION, POSITION, COMPANY, CITY, START_DATE, END_DATE, DEVELOPER_ID) VALUES('CV generator for foreign company', 'Java developer', 'Freelancer','London', '2015-05-06', '2016-03-15', 3);
INSERT INTO PUBLIC.PROJECT (DESCRIPTION, POSITION, COMPANY, CITY, START_DATE, END_DATE, DEVELOPER_ID) VALUES('Mobile application for big company', 'Java junior developer', 'Freelancer','Lodz', '2016-01-01', '2017-03-15', 4);
